{"natural": 0.4456000030040741, "pgd20_acc": 0.2793000042438507, "pgd100_acc": 0.2732999920845032, "train_time": 11}