{"natural": 0.6470999717712402, "pgd20_acc": 0.3749000132083893, "pgd100_acc": 0.36980000138282776, "train_time": 14}