{"natural": 0.5730999708175659, "pgd20_acc": 0.35600000619888306, "pgd100_acc": 0.3407999873161316, "train_time": 13}