{"natural": 0.30160000920295715, "pgd20_acc": 0.17800000309944153, "pgd100_acc": 0.1623000055551529, "train_time": 689}