{"natural": 0.5220999717712402, "pgd20_acc": 0.34630000591278076, "pgd100_acc": 0.3393999934196472, "train_time": 12}