{"natural": 0.8618000149726868, "pgd20_acc": 0.00039999998989515007, "pgd100_acc": 0.0, "train_time": 1644}