{"natural": 0.8618000149726868, "pgd20_acc": 0.0003000000142492354, "pgd100_acc": 9.999999747378752e-05, "train_time": 27}