{"natural": 0.6470999717712402, "pgd20_acc": 0.37459999322891235, "pgd100_acc": 0.3684999942779541, "train_time": 863}