{"natural": 0.4456000030040741, "pgd20_acc": 0.27880001068115234, "pgd100_acc": 0.27250000834465027, "train_time": 716}