{"natural": 0.791100025177002, "pgd20_acc": 0.2689000070095062, "pgd100_acc": 0.24660000205039978, "train_time": 1187}