{"natural": 0.30160000920295715, "pgd20_acc": 0.17790000140666962, "pgd100_acc": 0.16249999403953552, "train_time": 11}