{"natural": 0.6782000064849854, "pgd20_acc": 0.37599998712539673, "pgd100_acc": 0.3626999855041504, "train_time": 938}