{"natural": 0.5220999717712402, "pgd20_acc": 0.34709998965263367, "pgd100_acc": 0.3391000032424927, "train_time": 760}