{"natural": 0.6782000064849854, "pgd20_acc": 0.375900000333786, "pgd100_acc": 0.36469998955726624, "train_time": 15}