{"natural": 0.791100025177002, "pgd20_acc": 0.2680000066757202, "pgd100_acc": 0.2515999972820282, "train_time": 19}